,kacrosstilt,kaalongtilt,kucrosstilt,kualongtilt,pit_num
0,-0.5728274204514243,1.9989874362945557,-0.1487148106098175,0.7667074084281922,1
1,-0.4877044578844851,-0.2402470220219005,-0.14761322513222694,0.7578947186470032,2
2,-0.16724157265641473,-0.6318126104094766,-0.30744408071041107,-0.21020364219492133,3
3,-0.4927116930484772,-0.7930454963987524,-0.5808389945463701,-0.588750422000885,4
4,-1.0985868681560864,-0.008912893858822908,-1.0751530051231384,0.26107711642980574,5
5,-0.7821297466754913,-0.08041610419750214,-0.909313437613574,-0.27629913796078076,6
6,-0.7430733361027457,0.1923779073086652,-0.41259597174145957,0.4507511393590407,7
